timestamp,open,high,low,close,volume,close_time,quote_asset_volume,number_of_trades,taker_buy_base_asset_volume,taker_buy_quote_asset_volume,ignore
2023-01-01 00:00:00,20848.949674492276,21146.50066647246,20592.50586885263,20881.114796694,4598.423738175104,2023-01-02 00:00:00,96020213.9606771,5181,2566.8228922009826,53598123.47483083,0
2023-01-02 00:00:00,20005.443182122828,20252.529395169873,19823.349563394728,20200.075372771847,1651.9583628538426,2023-01-03 00:00:00,33369683.442328405,2987,763.3882443861254,15420500.075287709,0
2023-01-03 00:00:00,19586.95503023882,19918.940433958785,19140.24118304533,19448.942970045573,2158.07483480645,2023-01-04 00:00:00,41972274.38724116,4535,1096.109016633896,21318161.75346538,0
2023-01-04 00:00:00,20219.792103885513,20742.45245819851,19864.27282149086,20405.78256619594,4347.10310267738,2023-01-05 00:00:00,88706040.70607035,7283,2441.2768581503055,49816164.7513011,0
2023-01-05 00:00:00,21177.3784088639,21468.83565013773,20835.05983055741,21029.648729114997,2824.268600379583,2023-01-06 00:00:00,59393376.58265189,4717,1349.0653038904507,28370369.453452952,0
2023-01-06 00:00:00,19930.42651619424,20068.34092616285,19918.685344218535,20064.85126436035,686.3814368363014,2023-01-07 00:00:00,13772141.440738335,2912,310.2607146680392,6225335.092988352,0
2023-01-07 00:00:00,19597.908941346705,19667.978767927212,19207.16879064509,19624.917346365175,2930.3033321116745,2023-01-08 00:00:00,57506960.69247007,3403,1728.9731427845325,33930955.02123168,0
2023-01-08 00:00:00,19334.596317854164,19735.839751132073,19264.674017543177,19481.391457858568,1832.5577802712291,2023-01-09 00:00:00,35700775.486608185,9248,1020.4339335945849,19879472.917238563,0
2023-01-09 00:00:00,19889.295159013163,20113.056988897944,19629.833451461665,19956.807882966114,4548.241434546793,2023-01-10 00:00:00,90768380.51459655,3315,2545.585247947761,50801755.74300613,0
2023-01-10 00:00:00,19866.051237413292,20088.387401640786,19658.624870373063,19787.956806633876,2063.8191562627653,2023-01-11 00:00:00,40838764.32083117,9040,830.8536742504938,16440896.618701823,0
2023-01-11 00:00:00,19609.73191530634,19805.34127790401,19321.303849865137,19690.78540068233,3271.271961319989,2023-01-12 00:00:00,64413914.17762108,5218,1820.9248227495877,35855439.91553764,0
2023-01-12 00:00:00,18873.189969169533,19200.280572860294,18686.85882278424,18825.388873673848,1413.6645821061297,2023-01-13 00:00:00,26612785.495087523,9884,665.3585302154532,12525633.071721978,0
2023-01-13 00:00:00,18916.390742683587,19245.61809701951,18700.349455679818,18946.355690648725,1297.0266712552902,2023-01-14 00:00:00,24573928.65386084,3044,670.2022173941554,12697889.59541115,0
2023-01-14 00:00:00,18672.281126196853,18682.375949189445,18511.110128488916,18605.776996580626,3165.571626104904,2023-01-15 00:00:00,58897919.74201095,9081,1797.6340085364736,33446377.48429894,0
2023-01-15 00:00:00,19397.22299827254,19618.885194366954,19175.139048403275,19525.980784343446,3348.918804711225,2023-01-16 00:00:00,65390924.2291178,6470,1898.8416330641842,37076745.23972259,0
2023-01-16 00:00:00,19679.195774454525,19953.786667806224,19515.436422021,19773.323212241674,766.4872073871088,2023-01-17 00:00:00,15155999.289713817,6969,419.4063239920427,8293056.80155281,0
2023-01-17 00:00:00,20590.676046314813,20913.016674273276,20349.566123634228,20405.412060998962,4735.008358463451,2023-01-18 00:00:00,96619796.666721,5345,2154.9040884958135,43971705.877688445,0
2023-01-18 00:00:00,20793.027759724082,20829.953767013092,20252.44522561665,20626.168886775038,2410.303137154189,2023-01-19 00:00:00,49715319.575265996,3727,1256.3670524929953,25914039.00850028,0
2023-01-19 00:00:00,20456.3593761344,20592.693900617443,20190.173438421094,20310.246694780082,855.5401409164161,2023-01-20 00:00:00,17376231.319299325,1926,471.0495597331475,9567132.76364777,0
2023-01-20 00:00:00,20640.28837670138,20846.06219887095,20459.418398315316,20765.31174929641,3396.6437687359903,2023-01-21 00:00:00,70532366.75910789,4229,1855.5642369447817,38531369.8510037,0
2023-01-21 00:00:00,20473.21519764101,20677.3339570011,20107.284108664167,20333.05730593765,4866.822472817923,2023-01-22 00:00:00,98957380.23763202,5811,2054.537597988543,41775030.71710454,0
2023-01-22 00:00:00,20419.47535112564,20525.705895890856,20047.49711149981,20341.122790128196,3969.723365572485,2023-01-23 00:00:00,80748630.42195088,9556,2158.2130049596026,43900475.74113483,0
2023-01-23 00:00:00,21213.62289108609,21317.64316299913,21171.130182748802,21277.24198557622,2082.2735904459446,2023-01-24 00:00:00,44305039.064092994,8694,908.16528405884,19323252.511819504,0
2023-01-24 00:00:00,21499.98325534572,21684.092827698245,21237.083542592143,21657.67229879382,1513.3362211654148,2023-01-25 00:00:00,32775339.95589552,3786,608.8490283724262,13186252.735929027,0
2023-01-25 00:00:00,20641.035734040695,20934.098406575737,20555.98190277836,20725.38711996584,4180.060445534864,2023-01-26 00:00:00,86633370.91856693,3317,1919.7964222827125,39788524.043334626,0
2023-01-26 00:00:00,21550.426039469894,22083.661565571292,21314.7088334541,21695.593977272085,3066.8711820778362,2023-01-27 00:00:00,66537591.94695722,9268,1763.143316042156,38252441.50859173,0
2023-01-27 00:00:00,21303.52080717469,21408.316376765917,20940.231228489934,21126.059500705833,1810.2936665043226,2023-01-28 00:00:00,38244371.71232124,3418,728.508864750757,15390521.62351615,0
2023-01-28 00:00:00,20158.5233631733,20523.00816080873,19763.032960919565,20298.647096747012,2731.747532726578,2023-01-29 00:00:00,55450779.12422617,9106,1460.1412149079504,29638891.23283192,0
2023-01-29 00:00:00,19343.840609878796,19511.626487863505,19259.716532551254,19455.96691623083,1272.706569079598,2023-01-30 00:00:00,24761736.90208231,2036,680.0931282507545,13231869.40320261,0
2023-01-30 00:00:00,19590.483852534555,19644.831775086885,19255.719033016605,19442.121478038553,4883.051302943655,2023-01-31 00:00:00,94936876.61532497,1296,2792.751086084812,54297005.873585016,0
2023-01-31 00:00:00,18713.52316729275,19198.674118708335,18367.062164140487,18873.749547019233,4616.289067366113,2023-02-01 00:00:00,87126683.69411102,2923,2410.193857100832,45489395.218685366,0
2023-02-01 00:00:00,19343.94429931796,19558.582849092843,18997.797320072066,19314.91133195607,2038.9220074275345,2023-02-02 00:00:00,39381597.7862367,2219,822.6312377806196,15889049.416629938,0
2023-02-02 00:00:00,19441.57273842409,19563.05122183629,19058.21261317053,19552.01926251681,3434.334392157526,2023-02-03 00:00:00,67148172.1893879,1683,1424.5200253392206,27852242.975273374,0
2023-02-03 00:00:00,20411.549053910443,20808.61010913383,20194.638009310096,20312.92982124107,3961.9744104285346,2023-02-04 00:00:00,80479308.15258779,7339,1766.1438563519805,35875556.20829385,0
2023-02-04 00:00:00,20332.152351898156,20686.14707597227,19992.813822093394,20343.370802001322,1451.1075979796847,2023-02-05 00:00:00,29520419.93930219,9409,712.2252526757186,14489062.409731228,0
2023-02-05 00:00:00,21101.6958353391,21547.0739761527,20837.74609783916,21160.331065944127,585.6586709328727,2023-02-06 00:00:00,12392731.368580416,3633,272.9404667450782,5775510.637619168,0
2023-02-06 00:00:00,20329.230624191758,20634.71300964206,20218.265862405762,20389.014548880907,2506.9991916759295,2023-02-07 00:00:00,51115242.9931132,6242,1117.6534904787507,22787853.277978774,0
2023-02-07 00:00:00,20415.58479380903,20525.095521516858,20049.719216393667,20258.670982967236,3791.7749262566745,2023-02-08 00:00:00,76816320.67249882,8606,1949.6830826438759,39497988.0923396,0
2023-02-08 00:00:00,21438.56154331896,21579.850382212026,21079.11371833424,21256.47267894036,2882.057849197526,2023-02-09 00:00:00,61262383.930592835,1530,1590.112739645578,33800188.00671124,0
2023-02-09 00:00:00,21147.83179577779,21518.999683585178,20859.762603497264,21032.784411366025,3681.014577369963,2023-02-10 00:00:00,77421986.02091806,3203,1862.7821096092737,39179494.51676145,0
2023-02-10 00:00:00,20891.002016498613,21287.81297134039,20753.628851716,20953.635353068268,1513.6360471348162,2023-02-11 00:00:00,31716177.788922593,2233,869.4814852548061,18218797.988273412,0
2023-02-11 00:00:00,20339.15758016317,20629.202987936642,20137.003765503137,20333.844530057868,1584.2663753841464,2023-02-12 00:00:00,32214226.17125953,3480,677.5941362840425,13778093.821678564,0
2023-02-12 00:00:00,19861.13036690217,19977.60544119738,19544.525087914768,19772.421823825935,2427.441686170304,2023-02-13 00:00:00,47996400.971698545,4773,977.8732615213896,19334922.617041368,0
2023-02-13 00:00:00,20214.301720598065,20751.42204758284,19991.320454383833,20384.55259376425,2906.5250210025233,2023-02-14 00:00:00,59248212.15571767,3881,1526.6894652846208,31120881.69944017,0
2023-02-14 00:00:00,19997.764222241152,20013.83911267214,19891.240267402864,20006.85007375574,800.3893345337918,2023-02-15 00:00:00,16013269.416650701,9063,393.3224174826122,7869142.637221786,0
2023-02-15 00:00:00,19567.22658047395,19861.561216579845,19279.12964825432,19425.559794132678,503.6696103513567,2023-02-16 00:00:00,9784064.132367786,1092,301.9617930678988,5865776.866783986,0
2023-02-16 00:00:00,18661.645791379207,19034.710192993018,18554.08270300284,18579.382686155765,4793.274660253389,2023-02-17 00:00:00,89056084.23270097,9038,2582.3121910072527,47977766.41184911,0
2023-02-17 00:00:00,19254.206708624926,19443.060837776724,19192.125733593522,19285.72175681792,647.6440981032202,2023-02-18 00:00:00,12490283.873463994,3418,322.2669220744443,6215150.190553856,0
2023-02-18 00:00:00,18784.90159107344,19281.83091210738,18716.191382977864,18965.50256376102,738.9012881440588,2023-02-19 00:00:00,14013634.274662467,2340,441.9479704908199,8381765.367392624,0
2023-02-19 00:00:00,19916.840956492488,20105.706571724037,19688.34276482275,19825.896586894753,3482.976866296037,2023-02-20 00:00:00,69053139.16573198,6230,1469.031766080764,29124871.87718059,0
2023-02-20 00:00:00,20757.03804905951,20913.2149690332,20411.77247489003,20765.704908495154,2617.57209320967,2023-02-21 00:00:00,54355729.66430398,1333,1468.2073955376572,30488361.520205215,0
2023-02-21 00:00:00,20638.458410898387,20808.836929968493,20451.65087103802,20725.941001979903,2577.0156529768838,2023-02-22 00:00:00,53411074.384777606,1945,1476.5907228385654,30603732.205622967,0
2023-02-22 00:00:00,20410.11954541416,20592.78611754687,20047.828844141615,20586.094559366396,1056.770454990713,2023-02-23 00:00:00,21754776.51398347,4172,504.489220841369,10385462.8044215,0
2023-02-23 00:00:00,20353.013507820462,20409.864308579152,20127.190950593635,20218.926801137277,3056.171344992656,2023-02-24 00:00:00,61792504.71613977,8431,1557.504867832315,31491076.915116567,0
2023-02-24 00:00:00,20528.674635775762,20776.498711309272,20326.24095825366,20449.214350222184,1793.4852623586949,2023-02-25 00:00:00,36675364.563937426,5586,765.5596013297987,15655092.385463694,0
2023-02-25 00:00:00,20918.932696216634,21100.014359336503,20669.14911762771,21006.21370658386,1306.9669623825334,2023-02-26 00:00:00,27454427.31925225,1967,572.000473040599,12015564.176957883,0
2023-02-26 00:00:00,21237.638944211878,21515.532636505297,21092.134591011836,21322.16348182105,1521.3846743378385,2023-02-27 00:00:00,32439212.744968474,3489,697.7092274909184,14876670.211336436,0
2023-02-27 00:00:00,21710.13565972774,22109.15644413855,21322.06823753843,21501.06851694067,3113.429001209128,2023-02-28 00:00:00,66942050.27762762,6237,1491.9270051727083,32078024.7604925,0
2023-02-28 00:00:00,21179.16827385843,21595.32941251624,21089.330098072467,21212.002214242075,4632.041386263458,2023-03-01 00:00:00,98254872.14188139,4459,2020.4394985539222,42857567.11706795,0
2023-03-01 00:00:00,20991.549306152152,21223.629636937912,20608.020666162636,20883.537551554666,3016.8565251858017,2023-03-02 00:00:00,63002636.53137042,3077,1707.0904156608167,35650086.79935173,0
2023-03-02 00:00:00,21875.38472167037,21935.12807217216,21822.898345875125,21893.06214775791,2716.537946962973,2023-03-03 00:00:00,59473334.09960305,6213,1111.5892984221123,24336093.59313792,0
2023-03-03 00:00:00,22193.280752618513,22273.153144617445,22050.1220950657,22107.835315560576,2766.1437290246363,2023-03-04 00:00:00,61153450.02044728,2284,1641.5361539641867,36290810.95637893,0
2023-03-04 00:00:00,21895.69712626289,22333.98647636602,21676.025969655075,22002.469080972885,2752.757507971758,2023-03-05 00:00:00,60567461.956564575,3101,1286.2829826283692,28301401.554662276,0
2023-03-05 00:00:00,21478.7120342129,21686.484143909776,21321.741053072685,21650.308453192843,3969.4290423453176,2023-03-06 00:00:00,85939363.149838,7073,1833.9147408234567,39704819.81568505,0
2023-03-06 00:00:00,22222.922978761053,22491.74896314148,22080.09649552912,22318.03666336784,1258.3462062792055,2023-03-07 00:00:00,28083816.766949136,4976,514.4607556809857,11481754.007152162,0
2023-03-07 00:00:00,22725.720635491587,23171.870064080555,22281.625419745986,22753.478191482238,4620.076250790183,2023-03-08 00:00:00,105122804.21533945,3857,2125.6949833942144,48366954.44640346,0
2023-03-08 00:00:00,22835.18351178652,23022.9233253228,22508.82331083537,22854.42857714564,4775.065732765035,2023-03-09 00:00:00,109131398.74065411,6942,1923.7960196557945,43967258.728220426,0
2023-03-09 00:00:00,23105.854090052795,23167.685483458084,22716.451938175105,22894.550476335466,2882.730288441374,2023-03-10 00:00:00,65998814.09838213,1697,1437.787365758132,32917495.419586953,0
2023-03-10 00:00:00,23228.436850683636,23664.803062896248,22725.291376188616,23126.965377178298,1817.6239008477223,2023-03-11 00:00:00,42036125.023637034,4253,911.4757334149967,21079667.728826825,0
2023-03-11 00:00:00,22600.88435638484,22862.326002114834,22255.968332710836,22487.038975885378,2652.8427176180394,2023-03-12 00:00:00,59654577.58797054,9506,1275.5973923980855,28684408.280393504,0
2023-03-12 00:00:00,23310.371952000507,23558.89505426445,22928.834065472594,23454.367503387548,3119.711711643529,2023-03-13 00:00:00,73170864.98950952,1273,1345.9774171437462,31569048.992949784,0
2023-03-13 00:00:00,23738.83823617678,23892.025270424445,23501.93151194097,23789.186226537033,2920.081589882499,2023-03-14 00:00:00,69466364.7383971,5881,1287.1707888151961,30620745.600483272,0
2023-03-14 00:00:00,23832.628865721257,23910.34117656588,23445.77282436364,23660.180673071012,4762.907997496902,2023-03-15 00:00:00,112691263.74999155,1965,2850.422348472548,67441507.75941987,0
2023-03-15 00:00:00,22990.281928716464,23226.152379721858,22877.611377331563,23069.58245496549,4592.492622702334,2023-03-16 00:00:00,105946887.23325221,5422,2184.0996038225885,50386265.900242664,0
2023-03-16 00:00:00,24140.94247601453,24406.834947513988,23869.63240363743,24197.88947096918,1516.6127214327294,2023-03-17 00:00:00,36698827.003494956,2811,757.8871292138185,18339268.98418612,0
2023-03-17 00:00:00,23704.874324992506,23850.930823450424,23273.023456557523,23580.71542172222,2311.181329666466,2023-03-18 00:00:00,54499309.2228625,2323,1366.9499856835967,32233658.608132154,0
2023-03-18 00:00:00,23679.34605475426,23904.034658562065,23364.39395066534,23522.413413179806,722.6092014865377,2023-03-19 00:00:00,16997512.373534083,1782,301.95864724267045,7102796.13412662,0
2023-03-19 00:00:00,24017.310827535613,24245.77969216233,23945.594829273447,24052.63393204941,1019.6118687947197,2023-03-20 00:00:00,24524351.03289219,9246,432.06503664014986,10392302.16114304,0
2023-03-20 00:00:00,23015.246745480734,23026.91652742148,22562.681254757666,22922.34228450034,3492.2529344781465,2023-03-21 00:00:00,80050617.10815881,7099,1483.740465588097,34010806.81357426,0
2023-03-21 00:00:00,22949.13530829393,23024.653519397416,22604.560896231556,22738.728568354432,4086.5334341097814,2023-03-22 00:00:00,92922574.54372764,6413,1814.1412760040573,41251266.05970442,0
2023-03-22 00:00:00,23090.84226377177,23705.985351176372,22659.243498521893,23298.70897236158,3512.1258083294033,2023-03-23 00:00:00,81827997.08258693,8366,1715.1573614827905,39960952.206991106,0
2023-03-23 00:00:00,22687.032966896466,23273.55803526455,22566.556773393528,22904.649279753125,1963.2450187419836,2023-03-24 00:00:00,44967438.60450748,1989,881.5543883495574,20191694.086173896,0
2023-03-24 00:00:00,23250.875180809333,23455.304281729495,22937.074093278043,23345.134785803824,3379.9772885603393,2023-03-25 00:00:00,78906025.37439686,5839,1541.2474900798163,35980630.394195154,0
2023-03-25 00:00:00,22576.413595232432,23007.76209557135,22365.212320333667,22403.74827701039,3716.425318917959,2023-03-26 00:00:00,83261857.33534601,9448,1695.9887765623398,37996505.630737476,0
2023-03-26 00:00:00,21741.158737632457,22285.476280073675,21718.993990321855,21908.91098512039,1776.8940846316818,2023-03-27 00:00:00,38929814.33018249,4962,772.6106647415069,16927058.279976368,0
2023-03-27 00:00:00,21975.37691759648,22359.875015904712,21493.529697169506,21809.63472649597,3085.839724162488,2023-03-28 00:00:00,67301037.20849495,5796,1803.8754976452333,39341865.695718676,0
2023-03-28 00:00:00,21149.696050223807,21289.76506448553,20782.44509604194,21119.040167504212,762.6689484497638,2023-03-29 00:00:00,16106836.15681876,9731,330.9523569830434,6989396.120655087,0
2023-03-29 00:00:00,20231.877246329328,20456.750299671323,19928.809840783593,20430.44659991666,3316.0013609909142,2023-03-30 00:00:00,67747388.73097584,5892,1506.2039477656785,30772419.32341036,0
2023-03-30 00:00:00,20753.138554884954,20843.874526047013,20437.833039414836,20815.35062459369,3110.129516110969,2023-03-31 00:00:00,64738436.36574773,6665,1850.7917843791386,38524879.924969174,0
2023-03-31 00:00:00,21869.451580597895,22074.61497996653,21727.521329348485,21847.76409552144,1697.040978926095,2023-04-01 00:00:00,37076550.9680101,7548,721.6224450735654,15765836.946000634,0
2023-04-01 00:00:00,22673.444043607888,23072.115883013797,22230.796787358482,22452.176881687214,3784.6274039386526,2023-04-02 00:00:00,84973123.90451132,4527,1569.8309930256014,35246123.12976549,0
2023-04-02 00:00:00,21871.12683803184,22072.49637973517,21474.17824682396,22012.216303408884,2511.05824622036,2023-04-03 00:00:00,55273957.26626113,8187,1316.1033962787894,28970352.636539772,0
2023-04-03 00:00:00,23090.321778840454,23509.741141914088,22855.862690509923,23028.29955798259,2297.27823672211,2023-04-04 00:00:00,52902411.40327079,4457,1126.1894808923234,25934228.725037336,0
2023-04-04 00:00:00,22791.749900146515,23055.786907456462,22536.995343771545,22753.929010272255,4058.775265942448,2023-04-05 00:00:00,92353084.26990336,1497,2371.268960604216,53955685.593850404,0
2023-04-05 00:00:00,22283.452985376825,22786.758470520657,22202.748982578978,22366.89486371444,2561.7134623282213,2023-04-06 00:00:00,57297575.68285722,8650,1527.9851094271446,34176282.29587814,0
2023-04-06 00:00:00,22150.767477175727,22358.618586975208,22034.457942301295,22103.25077148645,3511.2892571067046,2023-04-07 00:00:00,77610906.98105586,5892,2046.4916121552887,45234117.30521194,0
2023-04-07 00:00:00,22373.598826908186,22447.101405904166,22129.78186567536,22317.82937203145,1114.0105126836024,2023-04-08 00:00:00,24862296.540721916,2053,517.9610493116974,11559766.31989683,0
2023-04-08 00:00:00,21830.529930898174,22144.114016420284,21669.276785408365,21829.919092976095,4617.762697285649,2023-04-09 00:00:00,100805386.07230878,3638,2404.7437078308494,52495360.58129079,0
2023-04-09 00:00:00,21759.845402835577,21968.166926034934,21478.742386614325,21750.85726271217,3383.3873246524395,2023-04-10 00:00:00,73591574.76298481,4039,1991.8834773576389,43325173.19996077,0
2023-04-10 00:00:00,22610.099990477684,23071.23498500018,22162.08510614933,22779.92129526196,761.5178056476523,2023-04-11 00:00:00,17347315.677594114,7889,338.8931761225642,7719959.879573363,0
2023-04-11 00:00:00,22375.01368881175,22987.36167697047,22086.70763236946,22574.100211304773,3734.025709475818,2023-04-12 00:00:00,84292270.55729552,8384,2108.6873480652384,47601719.5095352,0
2023-04-12 00:00:00,21694.269338114762,22091.995452027237,21521.540813799034,21535.11265240261,1930.8828500589184,2023-04-13 00:00:00,41581779.69461103,2373,913.8286627011281,19679403.196263224,0
2023-04-13 00:00:00,20847.658399246982,20959.707113412278,20672.924338986733,20947.24157500656,506.38869315517405,2023-04-14 00:00:00,10607446.2863733,7213,263.22223209710694,5513779.683650545,0
2023-04-14 00:00:00,20083.050270171658,20507.34503384533,19988.98912870942,20262.129223130665,657.5340417155317,2023-04-15 00:00:00,13323039.721847491,5097,389.94998665893525,7901217.020241424,0
2023-04-15 00:00:00,19431.155252051936,19579.32547576721,19114.63668033282,19463.79451053221,4759.3250447742685,2023-04-16 00:00:00,92634524.68031587,9232,1921.691959214079,37403417.406684875,0
2023-04-16 00:00:00,19749.992792060944,20159.136643581747,19600.85499177419,19880.59499850654,4651.099757123619,2023-04-17 00:00:00,92466630.56902681,7099,2777.946732387185,55227233.91401426,0
2023-04-17 00:00:00,19141.693250042637,19414.664200791543,18848.8564103995,19223.772259528636,682.9634501713712,2023-04-18 00:00:00,13129133.827676373,2383,287.6504485358345,5529726.713004146,0
2023-04-18 00:00:00,18796.31473355379,18843.579268347537,18382.281186860793,18646.45713372603,1878.0544482796458,2023-04-19 00:00:00,35019061.764649905,6402,915.0174514930493,17061833.68587638,0
2023-04-19 00:00:00,17915.421594067426,18095.99463773503,17849.794202427158,18048.52766704072,3799.633075565402,2023-04-20 00:00:00,68577782.68894517,3713,1763.1179053758515,31821682.295430936,0
2023-04-20 00:00:00,18761.979489415913,18839.276467612315,18631.430472750963,18745.70393251939,4105.186045110276,2023-04-21 00:00:00,76954602.18954742,8128,2256.621271905387,42301954.250963725,0
2023-04-21 00:00:00,19092.50149185759,19407.864586736563,18785.758870826998,18986.753028715888,3183.3521729699883,2023-04-22 00:00:00,60441521.51160723,5191,1512.3615808243355,28714835.825230002,0
2023-04-22 00:00:00,19638.243804722264,19842.99404313691,19167.927687701373,19447.749067544093,4977.789491758292,2023-04-23 00:00:00,96806800.9467731,1481,2797.5540880902045,54406129.90806044,0
2023-04-23 00:00:00,19519.43244815654,19564.756939051134,19248.90435679507,19492.063986878267,1670.3773407096191,2023-04-24 00:00:00,32559102.007343456,6387,690.8422161422078,13465940.681880701,0
2023-04-24 00:00:00,19420.160558908625,19731.1128444623,19272.714663771316,19306.00599279052,3819.644166731212,2023-04-25 00:00:00,73742073.17324013,5808,1861.1448814704738,35931274.23512037,0
2023-04-25 00:00:00,19867.79551810757,20104.278433915046,19752.006651440148,19828.484975364518,4496.672840192119,2023-04-26 00:00:00,89162209.85087913,6410,2602.6086087990157,51605785.69632563,0
2023-04-26 00:00:00,19035.71852633088,19473.850762415404,19013.449365532008,19146.806930573413,1884.1930644550132,2023-04-27 00:00:00,36076280.82504561,7853,776.244775803803,14862608.85318166,0
2023-04-27 00:00:00,19432.164842438782,19814.23301374854,19237.20374260018,19412.31272477579,3934.2047249170587,2023-04-28 00:00:00,76372012.44338046,4641,1659.4936806384205,32214610.293342225,0
2023-04-28 00:00:00,19725.014583007116,20086.81870568872,19393.125625370634,19819.25270258191,4289.4454191984805,2023-04-29 00:00:00,85013602.71702708,6150,2334.9904701327705,46277766.18568192,0
2023-04-29 00:00:00,19699.91745066832,20181.655962986766,19489.52108171146,19874.95977148111,3858.113776036402,2023-04-30 00:00:00,76679856.09252058,6490,1552.4411167508517,30854704.74301639,0
2023-04-30 00:00:00,19455.828378069356,19535.988196784303,19260.16685834314,19463.007600205463,3438.9621473554357,2023-05-01 00:00:00,66932546.410797745,4366,1597.1325190858413,31085002.357503027,0
2023-05-01 00:00:00,20435.665087270332,20466.89350054042,20138.90298619551,20320.23077011901,3808.255168980547,2023-05-02 00:00:00,77384623.86518328,8161,1844.5197296130468,37481066.565774634,0
2023-05-02 00:00:00,19993.302975115177,20267.603982164044,19632.28317329147,19850.857302675002,1527.3899638326923,2023-05-03 00:00:00,30320000.217580706,3807,769.228607606543,15269847.322732868,0
2023-05-03 00:00:00,20443.27400048988,20838.158249843596,20402.89766463678,20434.416170628483,3448.3949996666,2023-05-04 00:00:00,70465938.54390158,3542,1483.6733107951738,30317997.8940428,0
2023-05-04 00:00:00,21134.706212912402,21255.628086253422,20800.76480098306,21000.689616408115,3586.8030020229,2023-05-05 00:00:00,75325336.56068377,1558,1751.2361266404441,36777166.34061674,0
2023-05-05 00:00:00,21382.403306755194,21954.052665508018,20962.10677743554,21574.078762447432,1634.955838463328,2023-05-06 00:00:00,35272666.03213112,3057,831.9510878350806,17948578.29545785,0
2023-05-06 00:00:00,20805.232493190513,21073.710083091057,20627.1589766821,20683.37604582781,2980.7646372225836,2023-05-07 00:00:00,61652275.895780206,4824,1602.598079254189,33147138.72353575,0
2023-05-07 00:00:00,19970.03545090892,20195.716858658525,19722.689759851575,20045.70249846678,3889.8444170653793,2023-05-08 00:00:00,77974663.94981453,2346,1812.1808902064329,36326438.99848484,0
2023-05-08 00:00:00,21048.679110703863,21252.427672748123,20752.611672508338,20926.409731697768,1876.0791872844638,2023-05-09 00:00:00,39259601.76222524,1750,902.144479542118,18878645.016087595,0
2023-05-09 00:00:00,21645.649715184125,21898.41073124777,21525.48154664475,21842.537196668225,985.0311596184044,2023-05-10 00:00:00,21515579.743842233,5599,518.4647746229443,11324586.12486387,0
2023-05-10 00:00:00,22228.130904724105,22478.07670585168,21992.213456530335,22132.503402955717,3915.575093190884,2023-05-11 00:00:00,86661479.0745759,1269,2011.8146918948948,44526495.51448007,0
2023-05-11 00:00:00,21523.804090052723,21967.37130913987,21218.550951533238,21734.625214193504,3560.8879284250893,2023-05-12 00:00:00,77394564.55406521,8922,1560.0489991028405,33907080.31127793,0
2023-05-12 00:00:00,21820.02289798623,22246.363528029717,21386.525770398315,21687.950549797457,3919.165720206838,2023-05-13 00:00:00,84998672.33630724,2152,2282.318339275512,49498807.28110316,0
2023-05-13 00:00:00,22262.315500067798,22514.37341138404,22200.99342086111,22430.65746093953,4420.355958947479,2023-05-14 00:00:00,99151490.37057377,8320,1861.258246357625,41749246.17039689,0
2023-05-14 00:00:00,23370.642435342914,23800.156416230733,22699.218297425214,23145.834413621058,931.5052381504165,2023-05-15 00:00:00,21560465.99765019,6725,554.0466971351563,12823873.109303983,0
2023-05-15 00:00:00,24169.780529745032,24338.530765035866,23740.83112618785,24163.894230659647,2262.994296920338,2023-05-16 00:00:00,54682754.83536904,4089,957.9215658515914,23147115.398505725,0
2023-05-16 00:00:00,24767.44487789188,25019.177706731676,24268.87535728478,24528.464980720753,1416.9126525944594,2023-05-17 00:00:00,34754692.37990335,1465,829.890817181344,20355947.847054325,0
2023-05-17 00:00:00,25210.54949773402,25438.503534987434,25035.124295726324,25402.603347455773,700.3516155831104,2023-05-18 00:00:00,17790754.29440758,1828,369.3567093345808,9382621.98094787,0
2023-05-18 00:00:00,25819.232095747975,26014.38497949325,25381.35707219921,25621.283167972968,4482.094211575482,2023-05-19 00:00:00,114837004.98030798,7812,1810.6625504302388,46391497.92621728,0
2023-05-19 00:00:00,24787.027675710826,24924.00733866347,24208.61510542698,24688.514609292713,4759.719193866612,2023-05-20 00:00:00,117510396.85390678,7736,2182.6144695506755,53885509.217955515,0
2023-05-20 00:00:00,23551.571231080008,23733.787283448215,23282.227377787698,23494.3068533848,750.1346817111682,2023-05-21 00:00:00,17623894.393488325,2638,351.36087590367316,8254980.234754955,0
2023-05-21 00:00:00,24092.340457551443,24323.222227727536,23974.139309577145,24199.96542574658,1326.9711812531918,2023-05-22 00:00:00,32112656.70728934,6934,793.016341963975,19190968.057580225,0
2023-05-22 00:00:00,22986.22032995372,23481.910067709978,22933.709614583033,23097.579824950677,1556.8406928190118,2023-05-23 00:00:00,35959252.177118644,9125,914.8121136526098,21129945.819923006,0
2023-05-23 00:00:00,22474.47131955615,22942.05014700152,22288.96647971712,22542.03481498643,3155.42118502012,2023-05-24 00:00:00,71129614.20866928,1751,1654.4210087893134,37294015.978773676,0
2023-05-24 00:00:00,23216.555000470504,23723.466624428173,23164.570957497555,23348.589697484807,2116.6684805346704,2023-05-25 00:00:00,49421223.87760263,7342,897.3139757027105,20951015.84850144,0
2023-05-25 00:00:00,23250.12051836337,23508.154494559527,22974.020385180134,23184.762228218697,1006.3464332431465,2023-05-26 00:00:00,23331902.77395831,4333,499.64456269717624,11584140.38475634,0
2023-05-26 00:00:00,22415.709038445915,22768.659437385097,22139.296516586837,22440.929241862097,2465.2936766991684,2023-05-27 00:00:00,55323480.95921609,1662,1107.4518324862747,24852248.211595006,0
2023-05-27 00:00:00,23288.029131715488,23527.030051432735,23086.273445857263,23386.02885605525,569.9792110793376,2023-05-28 00:00:00,13329550.277652996,2084,290.2831652642545,6788570.479296911,0
2023-05-28 00:00:00,22660.116417919,22830.202724394156,22483.09991747952,22795.595478567033,2061.196363021274,2023-05-29 00:00:00,46986198.49332657,8168,940.0534596761112,21429078.395004056,0
2023-05-29 00:00:00,23646.34377996802,23958.0075896608,23055.283123255445,23444.80319222811,3900.6515415500667,2023-05-30 00:00:00,91450007.7131025,8378,2022.5606716804818,47418536.891889594,0
2023-05-30 00:00:00,22857.699308506322,23267.241834502947,22708.75689536145,23014.528271285057,1513.3853001637815,2023-05-31 00:00:00,34829848.77596657,4510,754.9030122365867,17373736.717197176,0
2023-05-31 00:00:00,24066.110672174214,24381.036086305357,23920.887957576615,24142.18226873569,799.11258389004,2023-06-01 00:00:00,19292321.653513685,5129,382.4811262942971,9233929.065348236,0
2023-06-01 00:00:00,24391.63212801301,24772.739484828915,24180.4938129229,24351.678225639094,4245.549672643772,2023-06-02 00:00:00,103386259.51918854,3633,2183.067306348427,53161352.58910958,0
2023-06-02 00:00:00,24652.25275260104,24863.319787320142,24211.295313218692,24494.503109034813,1161.3289956695437,2023-06-03 00:00:00,28446176.695039917,6125,651.9835074870762,15970012.051181609,0
2023-06-03 00:00:00,25639.93908805199,25975.525985576543,25127.781034421834,25399.881297529017,4308.306844723409,2023-06-04 00:00:00,109430482.44930637,5789,2040.4949092389986,51828328.48288281,0
2023-06-04 00:00:00,25339.94378980922,25749.944527913456,24932.61975034049,25367.261874485597,4587.221455857434,2023-06-05 00:00:00,116365247.9469946,6626,2722.6273749508773,69065601.6070222,0
2023-06-05 00:00:00,25469.47685974248,25876.498643249994,25410.021814739557,25490.25124215885,1290.4609161262474,2023-06-06 00:00:00,32894172.970244527,1698,660.2170983887597,16829099.712298594,0
2023-06-06 00:00:00,25794.143523185037,26260.74630872257,25430.96930413716,25984.572149470165,4412.7369522731715,2023-06-07 00:00:00,114663081.71297531,6439,1804.2911174527026,46883732.7200979,0
2023-06-07 00:00:00,25552.945591921565,26032.020764480138,25403.98269577173,25507.168844460364,4168.751658573952,2023-06-08 00:00:00,106333052.42586999,5544,2316.8137459505942,59095359.399128504,0
2023-06-08 00:00:00,26375.400384342174,26878.128511033952,25761.496904658758,26277.881659256185,541.2206569753394,2023-06-09 00:00:00,14222132.375542853,7757,301.44520501066836,7921341.424020563,0
2023-06-09 00:00:00,27462.375436944225,27936.90076932071,27067.993225955634,27293.72905282747,1842.37016999233,2023-06-10 00:00:00,50285152.234782346,7036,908.3242364578819,24791555.60199782,0
2023-06-10 00:00:00,28097.990902506255,28370.706325190306,27704.684458970485,28156.004669427137,4856.387767877216,2023-06-11 00:00:00,136736476.66889971,2863,2196.8067519113856,61853301.16464604,0
2023-06-11 00:00:00,29007.348923403802,29423.120048881192,28889.57401139411,29293.613570228303,920.3264296873829,2023-06-12 00:00:00,26959686.789730083,1250,419.2981328062844,12282757.473145561,0
2023-06-12 00:00:00,29624.73082934276,29649.722543254386,29568.253996933687,29579.773710520334,3536.359633908197,2023-06-13 00:00:00,104604717.730023,3166,2061.8862715195633,60990129.32837717,0
2023-06-13 00:00:00,29201.02938180124,29522.897886173007,29169.485382781117,29218.20905716343,3113.4456243944323,2023-06-14 00:00:00,90969305.14166725,1069,1740.871356317393,50865143.23050924,0
2023-06-14 00:00:00,28861.31210849977,29231.62543961435,28490.94212837317,28698.203985985674,3615.957014022532,2023-06-15 00:00:00,103771471.99297428,2499,1544.4061560682987,44321682.904060066,0
2023-06-15 00:00:00,29588.63463762547,29992.360737959272,29472.842974025232,29620.196736232,1573.9087048042675,2023-06-16 00:00:00,46619485.4811705,9524,905.2890909311068,26814840.976544004,0
2023-06-16 00:00:00,30186.97624160174,30742.587928043125,30001.471630455137,30203.655472295315,2086.8670257367835,2023-06-17 00:00:00,63031012.66184745,4996,1014.979825491471,30656100.960474815,0
2023-06-17 00:00:00,29352.280511309058,29643.968029761505,28947.01715730432,29333.724916943425,1158.3905729149733,2023-06-18 00:00:00,33979910.41226832,3305,666.0125690755671,19536629.492489465,0
2023-06-18 00:00:00,29887.260314729134,30021.10376752221,29468.339768597605,29973.223998103727,3600.2897712334925,2023-06-19 00:00:00,107912291.7712631,7162,1665.4493829979017,49918887.41409975,0
2023-06-19 00:00:00,30310.38075774198,30533.163097586978,29940.68714732412,30011.81572628432,2766.763748727333,2023-06-20 00:00:00,83035603.78496833,2489,1269.5195393295155,38100586.47527478,0
2023-06-20 00:00:00,30836.222456284067,30985.77071926073,30426.576456837425,30567.206317578104,946.5693854080741,2023-06-21 00:00:00,28933981.697671708,4887,435.22313957879277,13303555.501689052,0
2023-06-21 00:00:00,30617.40056803603,30757.605454317232,30219.125947013992,30418.781166450804,2073.110795930279,2023-06-22 00:00:00,63061503.635209806,6446,832.5501510038323,25325160.853481147,0
2023-06-22 00:00:00,29106.671185076513,29153.822955367592,28958.893391791607,29005.612592402937,1307.450281858035,2023-06-23 00:00:00,37923396.35940219,2426,532.2154175170924,15437234.216204762,0
2023-06-23 00:00:00,30158.262312373834,30314.624133935464,29846.715203586125,30152.281105092865,1764.4116818482178,2023-06-24 00:00:00,53201037.01619714,5189,914.9623307438533,27588201.397159614,0
2023-06-24 00:00:00,29661.454170556302,29921.89297930086,29307.94611971323,29574.097376882146,3031.933919372849,2023-06-25 00:00:00,89666708.97180457,3009,1802.8223056229617,53316842.419708654,0
2023-06-25 00:00:00,29323.267163605724,29364.89250810078,29000.862838638423,29110.628459054027,3712.8213721950347,2023-06-26 00:00:00,108082563.5008048,8474,2175.2392112753873,63322580.489003524,0
2023-06-26 00:00:00,28304.70167491903,28618.097732953796,27695.4968118078,28102.519567710777,1206.8450632581971,2023-06-27 00:00:00,33915387.00540864,9260,594.0044038969339,16693020.383819962,0
2023-06-27 00:00:00,27627.56492311233,28221.40764213862,27572.471164754064,27794.33932329961,1113.0206411689467,2023-06-28 00:00:00,30935673.374486197,9748,649.7189027808984,18058507.6486542,0
2023-06-28 00:00:00,27586.796179685924,28244.584122843422,27502.924371370886,27736.382641124317,4073.5475609487116,2023-06-29 00:00:00,112985473.85729215,6014,1937.280428585192,53733151.2504002,0
2023-06-29 00:00:00,29268.110333811503,29541.23473518339,28569.281870646708,29074.80139447056,1939.9707708928117,2023-06-30 00:00:00,56404264.87478645,3224,969.8636805127985,28198593.890619863,0
2023-06-30 00:00:00,30322.697690426674,31028.122726187437,29855.168933997196,30525.475088816616,3236.6058623241997,2023-07-01 00:00:00,98798931.62269518,5739,1894.0168186496032,57815763.215488166,0
2023-07-01 00:00:00,30289.53069355981,30516.496594780252,29891.43732656832,30316.37217737614,860.7109115424905,2023-07-02 00:00:00,26093632.331450816,5401,497.39496248285224,15079210.80178219,0
2023-07-02 00:00:00,29154.336418578107,29309.452204101563,29072.290799781887,29163.57911459357,3786.213027911771,2023-07-03 00:00:00,110419523.18420981,4858,2268.132316439255,66146856.2528426,0
2023-07-03 00:00:00,28990.41546266681,29291.26318467272,28589.945334304433,29215.501733159883,4612.180304400868,2023-07-04 00:00:00,134747161.67686945,1826,2014.6492735283698,58858989.34247739,0
2023-07-04 00:00:00,27930.19737181527,28184.802608350714,27603.644477533024,27897.832219565134,903.8191667201415,2023-07-05 00:00:00,25214595.469985675,6741,439.2590356210774,12254374.876684802,0
2023-07-05 00:00:00,28786.44245557534,29520.398164889626,28414.3420086538,28996.161065864406,1416.597361163177,2023-07-06 00:00:00,41075885.24976597,3741,623.0785624236795,18066886.35272426,0
2023-07-06 00:00:00,28235.984195243578,28739.678984300732,28173.599417297773,28365.901003293337,3632.596277193534,2023-07-07 00:00:00,103041866.38380371,3755,2033.4572079746642,57680845.8558426,0
2023-07-07 00:00:00,26984.092941423794,27605.438940159416,26564.395822705275,27174.817794552062,1507.7268987689363,2023-07-08 00:00:00,40972203.75799088,2894,649.5402947785412,17651139.160826493,0
2023-07-08 00:00:00,26928.286697783973,27386.6363071615,26767.124251842302,26923.310111925457,3982.12858678787,2023-07-09 00:00:00,107212082.84765328,8711,1873.617222732467,50443977.51867072,0
2023-07-09 00:00:00,26100.630451620553,26562.396332013977,26097.47388410613,26141.51428814238,1259.607185981712,2023-07-10 00:00:00,32928039.249787744,3849,645.0942291279875,16863740.007947482,0
2023-07-10 00:00:00,25793.992083616653,25988.389850333235,25385.490543174277,25790.340359708673,4809.848381593529,2023-07-11 00:00:00,124047626.83989103,3203,2617.299736336674,67501051.0234986,0
2023-07-11 00:00:00,26739.764554686186,27096.291356141603,26224.187216566523,26977.17712255168,3967.9032701976116,2023-07-12 00:00:00,107042829.325273,7880,2332.5001507940897,62924269.706350654,0
2023-07-12 00:00:00,26331.761065490864,26999.07218892078,26243.351025025357,26507.030124013763,2518.28371810167,2023-07-13 00:00:00,66752222.37653434,8368,1326.2746008977342,35155600.79871057,0
2023-07-13 00:00:00,25984.444548365114,26310.554900986088,25549.963704646147,26019.310424037885,1739.418267659437,2023-07-14 00:00:00,45258463.86347311,1026,999.6779448089668,26010930.77004872,0
2023-07-14 00:00:00,26764.914344854617,27138.404084259382,26240.60600133901,26988.261394759593,1641.3739903639835,2023-07-15 00:00:00,44297830.298502795,2764,856.8138968179188,23123917.413984567,0
2023-07-15 00:00:00,27426.976216669493,27685.19703065835,27084.338808175486,27470.8697623939,3035.9967477924156,2023-07-16 00:00:00,83401471.25765689,7466,1364.0340521705236,37471201.79864686,0
2023-07-16 00:00:00,26366.056341611613,26750.435341087497,25890.027358296655,26384.420258207974,2861.0595296062415,2023-07-17 00:00:00,75487397.01288189,5365,1213.8885156710749,32027744.744077917,0
2023-07-17 00:00:00,27142.196124337348,27434.103058183846,26736.16632139935,27177.0591532666,1463.1012244879944,2023-07-18 00:00:00,39762788.525127016,4194,826.6201156894239,22465103.781371552,0
2023-07-18 00:00:00,26836.343886672807,27493.6207935464,26745.10380435181,26955.482216361885,4558.238265906299,2023-07-19 00:00:00,122869510.51457746,8081,2424.886788348297,65363992.70001341,0
2023-07-19 00:00:00,26867.272258739973,27172.619870216957,26773.161346244895,27025.161435707218,3862.2979022309128,2023-07-20 00:00:00,104379224.32058375,9036,1609.8546399991628,43506581.533999704,0
2023-07-20 00:00:00,28380.186857235294,28515.053381340953,27725.45563314947,28235.96143669036,4981.300910366688,2023-07-21 00:00:00,140651820.4096644,7782,2468.7362786396934,69707142.36102885,0
2023-07-21 00:00:00,29214.590396305823,29748.08704779193,28865.238218311548,29158.82381469722,904.2986297774403,2023-07-22 00:00:00,26368284.42155249,5817,453.2097550437357,13215063.398422375,0
2023-07-22 00:00:00,28970.78894745255,29545.168735926756,28626.459618438203,28735.29832665281,2076.287417088931,2023-07-23 00:00:00,59662738.34192584,9276,904.5735316822633,25993190.29128376,0
2023-07-23 00:00:00,27539.582483782557,27749.23902870297,27185.449343129916,27448.38865344337,3562.807831862017,2023-07-24 00:00:00,97793334.06648056,2724,1724.410484991901,47332289.19013047,0
2023-07-24 00:00:00,26574.203342153964,26963.797078311538,26276.94324050948,26723.999586578073,944.6426414199091,2023-07-25 00:00:00,25244629.55876967,6388,489.9372165104072,13093081.971473334,0
2023-07-25 00:00:00,26614.867394333403,26726.812205323622,25991.754934623677,26426.906168903308,519.6423124917263,2023-07-26 00:00:00,13732538.633610783,7873,311.3335535555966,8227582.607044985,0
2023-07-26 00:00:00,25273.728818989563,25760.460564154087,24926.84819716822,25338.207324714298,2774.7436886413734,2023-07-27 00:00:00,70307030.85573761,8433,1636.277717857595,41460344.05588611,0
2023-07-27 00:00:00,26078.61812946764,26251.338955027433,25694.042091884978,25935.373841752633,2957.653444547303,2023-07-28 00:00:00,76707847.7786817,4296,1561.715515370989,40503675.72561198,0
2023-07-28 00:00:00,26200.70994646471,26575.58860738686,25540.65021764488,26014.11095013969,963.8222862062937,2023-07-29 00:00:00,25072979.889587816,9550,542.3453436217428,14108631.942267653,0
2023-07-29 00:00:00,26423.832155790024,26657.081305118703,26106.16636743584,26173.899647662198,3163.823866738054,2023-07-30 00:00:00,82809608.3908804,3778,1539.6555758776053,40298790.53498399,0
2023-07-30 00:00:00,25766.644997964715,25876.29964080298,25287.660041757594,25742.00744672128,4268.053609549308,2023-07-31 00:00:00,109868267.80002393,2307,1840.6770404642375,47382722.08263929,0
2023-07-31 00:00:00,24559.32822735818,24891.789666664536,24091.55393275226,24594.701768378836,908.9947409534514,2023-08-01 00:00:00,22356454.56277491,7178,476.6082734553136,11722038.345975386,0
2023-08-01 00:00:00,24830.648324482518,25317.51554481767,24622.56367791282,24864.178078439705,4060.8719680404934,2023-08-02 00:00:00,100970243.76710273,6790,2254.327912198148,56052010.65609194,0
2023-08-02 00:00:00,24104.131754149323,24547.472151261183,24079.183903163783,24316.672937745254,2026.6052919889426,2023-08-03 00:00:00,49280298.05919884,4677,1014.9382995546513,24679922.682261776,0
2023-08-03 00:00:00,23180.17643560796,23635.834476976037,23042.573843813487,23404.16449512847,2899.7548360973115,2023-08-04 00:00:00,67866339.17956577,3268,1517.9744487033167,35526923.696854375,0
2023-08-04 00:00:00,22479.630510862156,22509.031543641137,21991.21462460383,22421.959465159252,3695.924349585791,2023-08-05 00:00:00,82869865.95270768,7246,1631.6935065080743,36585765.6624876,0
2023-08-05 00:00:00,22412.855673454447,22624.88534946364,22168.974122286785,22197.69308823851,4538.175233426515,2023-08-06 00:00:00,100737021.01224694,6013,2178.379285108634,48354994.80061787,0
2023-08-06 00:00:00,21796.565367085313,22193.129858638007,21288.992864131003,21652.467032265486,791.3353307469745,2023-08-07 00:00:00,17134362.16046577,4729,458.11872758911323,9919400.645986687,0
2023-08-07 00:00:00,21076.85015116118,21325.403327481974,20557.920309379042,20952.71144665548,3386.424039954409,2023-08-08 00:00:00,70954765.74518205,8674,1956.5085547173176,40994159.18990491,0
2023-08-08 00:00:00,21462.278921828012,21870.380145028408,21018.132887476768,21396.050806081945,1905.8389829528314,2023-08-09 00:00:00,40777427.70747032,7156,778.4305743087122,16655340.116916751,0
2023-08-09 00:00:00,21645.370195707474,22064.80149522142,21190.05427138311,21499.296167931447,4739.13716843755,2023-08-10 00:00:00,101888113.5646909,7305,2342.832467146345,50369249.08302479,0
2023-08-10 00:00:00,21536.398251552164,21780.216559730743,21308.89205231222,21453.27262114733,3400.7004667282995,2023-08-11 00:00:00,72956154.21558517,5138,1408.9148646042522,30225834.6903419,0
2023-08-11 00:00:00,20806.387580747236,21188.123784644602,20650.792803046552,20972.910682572892,1033.572407378291,2023-08-12 00:00:00,21677021.78391674,5210,483.31077565966604,10136433.729835201,0
2023-08-12 00:00:00,21820.77103529288,22294.664370639803,21721.875988538734,21888.40155374614,1026.442153744115,2023-08-13 00:00:00,22467178.03284322,3176,503.5595535205937,11022113.713683875,0
2023-08-13 00:00:00,22360.098612217378,22681.81236049641,21780.882834886812,22148.188975464123,4422.466278184184,2023-08-14 00:00:00,97949618.86684081,3293,2235.3675706768563,49509343.384975165,0
2023-08-14 00:00:00,21932.108345425335,22241.14363662748,21672.02589616159,21971.78134585299,540.517086858601,2023-08-15 00:00:00,11876123.24615461,4734,251.88923971542215,5534455.298400404,0
2023-08-15 00:00:00,21391.100056656618,21825.51877384696,21017.083838787254,21495.29962831385,1799.2899799100855,2023-08-16 00:00:00,38676277.23639009,1278,949.410132866934,20407855.276132006,0
2023-08-16 00:00:00,21697.845164726685,22012.175788795565,21391.48601871183,21553.319907842488,730.4665193630624,2023-08-17 00:00:00,15743978.573800303,3637,407.32317285173923,8779166.650350958,0
2023-08-17 00:00:00,21893.817147990103,22072.746084342987,21700.639725712357,21805.896183777433,3990.082021955795,2023-08-18 00:00:00,87007314.33552481,5132,1805.262054731612,39365356.949990265,0
2023-08-18 00:00:00,21695.315077480358,22037.806445319213,21596.363800016126,21734.482106283696,2638.3443682598886,2023-08-19 00:00:00,57343048.46215891,9269,1062.983735269954,23103400.97349542,0
2023-08-19 00:00:00,20993.263880699757,21144.732937012126,20654.102766928987,21034.928218871974,1558.5783498816295,2023-08-20 00:00:00,32784583.713248003,5463,638.7058418757711,13435131.536831038,0
2023-08-20 00:00:00,20614.22780173105,21151.272544482385,20591.034475761044,20804.238431557224,1232.9032669288117,2023-08-21 00:00:00,25649613.52823284,6049,521.7197432546528,10853981.933120616,0
2023-08-21 00:00:00,20989.911390495,21083.993054050236,20757.74128521475,20937.77647335685,3397.207255937138,2023-08-22 00:00:00,71129966.1584778,3573,1384.2045125447396,28982164.677073635,0
2023-08-22 00:00:00,21827.330056633746,21983.278681637767,21587.859717930194,21735.48365802469,4552.171943990815,2023-08-23 00:00:00,98943658.89713083,2094,1924.6268779825775,41832696.05418539,0
2023-08-23 00:00:00,22153.145001432225,22230.50917586586,21662.60993418676,22017.892103630704,4144.575023926758,2023-08-24 00:00:00,91254805.692222,6951,1956.3934013254968,43075658.82263987,0
2023-08-24 00:00:00,21395.656755941964,21423.93860846624,21058.27872193737,21296.29702620463,4170.021708790295,2023-08-25 00:00:00,88806020.9161195,8522,2269.740664274843,48337071.35885206,0
2023-08-25 00:00:00,21809.279479735327,22127.16148042247,21459.651339550717,21900.937306299296,4179.978999791407,2023-08-26 00:00:00,91545458.01607923,2119,2445.825860734717,53565878.838076554,0
2023-08-26 00:00:00,22621.963007502498,22907.403406313355,22443.00064158304,22535.834990933523,1702.7048046590392,2023-08-27 00:00:00,38371874.516065806,2723,779.0190225934148,17555844.14796351,0
2023-08-27 00:00:00,21985.491710559392,22102.68879168814,21685.471421942515,21812.620986844042,4550.922557048434,2023-08-28 00:00:00,99267548.87737663,7538,1996.21712876536,43542727.63720485,0
2023-08-28 00:00:00,21386.146582216195,21786.105661484533,21135.465232028913,21303.64566571926,4078.905696770897,2023-08-29 00:00:00,86895561.66789092,3188,2165.7529845659756,46138434.1826675,0
2023-08-29 00:00:00,21372.55297311438,21419.80114669338,20858.31690647789,21247.077612334993,4197.203843663915,2023-08-30 00:00:00,89178315.82111795,1820,2095.0538279263346,44513771.283970356,0
2023-08-30 00:00:00,21600.304743168657,21764.23228468144,21452.994977222796,21661.36914369438,4744.3661478314,2023-08-31 00:00:00,102769466.48102325,3695,2446.044025541029,52984662.57897244,0
2023-08-31 00:00:00,21896.701103611133,21980.73538258375,21801.82516190237,21881.30048399984,4231.9549689061405,2023-09-01 00:00:00,92600678.30939145,2705,2519.0861015840164,55120879.93382761,0
2023-09-01 00:00:00,22136.639054803658,22284.36195267017,21757.320169597624,22171.294073944187,4545.915199170547,2023-09-02 00:00:00,100788822.71602274,3078,2401.3852094781387,53241817.66415988,0
2023-09-02 00:00:00,22371.30841260023,22454.981215696615,22279.323317450722,22343.789113113733,1728.0283253191756,2023-09-03 00:00:00,38610700.48241875,1631,995.5326307585278,22243971.156891868,0
2023-09-03 00:00:00,23401.905759533813,23740.362428042183,23141.008829188566,23429.05566000894,4909.692541872116,2023-09-04 00:00:00,115029459.83705257,3287,2249.7523905638636,52709573.97975893,0
2023-09-04 00:00:00,22521.34037759923,23133.113592185393,22483.878250750404,22710.096065255286,1948.3452959625665,2023-09-05 00:00:00,44247108.83959813,8069,1075.7942993202062,24431391.88401588,0
2023-09-05 00:00:00,22845.980383456652,22964.3857721023,22501.581272918636,22865.31771479673,1072.7324165786313,2023-09-06 00:00:00,24528367.528032083,2224,470.99070231603014,10769352.049171276,0
2023-09-06 00:00:00,22734.585431262483,23365.504277370175,22450.00848928508,22916.332990890893,1311.169023974221,2023-09-07 00:00:00,30047185.960734654,6850,605.7227145376905,13880943.426492063,0
2023-09-07 00:00:00,23452.016803045004,23965.448035925583,23416.57258384757,23639.838394366066,2267.9823729172504,2023-09-08 00:00:00,53614736.77703467,2811,1215.293880604492,28729350.9391522,0
2023-09-08 00:00:00,22776.618021383434,23327.82120450517,22370.150721877908,22941.925492758914,2631.822663513849,2023-09-09 00:00:00,60379079.456489034,8280,1280.6406537219727,29380362.460687567,0
2023-09-09 00:00:00,23994.87130150003,24414.81904967534,23694.688414052023,23911.495153793774,1759.03925547156,2023-09-10 00:00:00,42061258.63254122,7408,911.1117307566731,21786043.734552845,0
2023-09-10 00:00:00,24445.21980141188,24817.08986141921,24137.954865255273,24683.718646648067,4944.430259589263,2023-09-11 00:00:00,122046925.39567444,5529,2538.449230439319,62658366.60296445,0
2023-09-11 00:00:00,24391.76262334843,24678.338910469887,24370.46779432469,24566.84893373203,696.6507636993122,2023-09-12 00:00:00,17114514.071370054,5269,393.2153189328481,9660061.33865254,0
2023-09-12 00:00:00,24462.20669002942,24579.86638554743,24212.876509215508,24356.908202106155,3912.0839344704373,2023-09-13 00:00:00,95286269.2708307,2608,2234.743243022453,54431436.02557489,0
2023-09-13 00:00:00,24349.25479708716,24385.31638498317,23893.538690789086,24219.884250966046,4064.364765768835,2023-09-14 00:00:00,98438444.1806259,5986,1731.207194308071,41929637.86058116,0
2023-09-14 00:00:00,24633.15524582792,24812.427829589597,24510.65552600192,24542.404060393383,1968.8589112672441,2023-09-15 00:00:00,48320530.93822691,1271,1061.7530363546402,26057972.030565124,0
2023-09-15 00:00:00,25362.328341105323,25379.51083635098,25263.501924837066,25296.23118297369,3266.1767574751852,2023-09-16 00:00:00,82621962.34154768,9054,1455.6539385175224,36822558.55114542,0
2023-09-16 00:00:00,26741.749386683554,26841.154017751378,26193.5868880877,26560.460226648574,4182.879362868394,2023-09-17 00:00:00,111099200.95033512,8581,2230.8704414815966,59252945.63177789,0
2023-09-17 00:00:00,27150.84141775625,27193.33617146944,26848.380582466474,27047.507524298275,4531.562526280821,2023-09-18 00:00:00,122567471.5264086,8615,2434.243524005559,65840220.0315147,0
2023-09-18 00:00:00,27481.514477185287,27678.27034132268,27437.677712909877,27662.481762064173,2202.7899272181553,2023-09-19 00:00:00,60934636.18733089,3531,1220.035898213764,33749220.78340183,0
2023-09-19 00:00:00,28459.72353629682,28658.33660873504,28233.165362092728,28432.404118015587,680.3886964647105,2023-09-20 00:00:00,19345086.37521449,7051,322.0955839527531,9157951.807572892,0
2023-09-20 00:00:00,28151.73527727,28667.460393867994,27867.23712756269,28206.770217328987,2310.5906628369894,2023-09-21 00:00:00,65174299.892948836,8387,1191.1935549244208,33599722.8881164,0
2023-09-21 00:00:00,28866.041714107745,28881.93992342463,28414.23655002831,28775.355445124897,2662.3393680465833,2023-09-22 00:00:00,76609761.63108963,5874,1380.5271585487847,39725159.68888957,0
2023-09-22 00:00:00,29888.27518169726,30539.05503170358,29455.638256339098,30007.62196226031,3272.66628030565,2023-09-23 00:00:00,98204932.54804859,6950,1917.0529454166724,57526200.06770115,0
2023-09-23 00:00:00,30125.345312536723,30478.07444242542,29687.050532318735,29835.965178249277,1546.1817987391557,2023-09-24 00:00:00,46131826.30642428,9245,690.0566094936125,20588504.971872184,0
2023-09-24 00:00:00,28576.857183952667,29074.05832461208,28302.013197319975,28412.995104346548,4676.016616232186,2023-09-25 00:00:00,132859637.22484821,5366,2679.2614308905995,76125841.91915913,0
2023-09-25 00:00:00,28084.35728829285,28307.997003144483,27664.998989351614,28000.155796442497,1504.055127707743,2023-09-26 00:00:00,42113777.90225502,5588,895.5275352131139,25074910.505971335,0
2023-09-26 00:00:00,27513.478878619648,28152.36175352369,27492.96628635243,27651.71100786989,3327.3912150952046,2023-09-27 00:00:00,92008060.28993765,5090,1596.7758769473273,44153585.09368551,0
2023-09-27 00:00:00,26852.374838502627,27154.833820337368,26557.000457643146,27120.406566011778,3518.2591112999285,2023-09-28 00:00:00,95416617.50302935,7876,1423.1848173735154,38597350.86574496,0
2023-09-28 00:00:00,25899.846885430055,26374.441533505422,25626.637748385725,26107.291757851308,2056.246377147191,2023-09-29 00:00:00,53683024.094206475,3815,847.3927752150827,22123130.416035473,0
2023-09-29 00:00:00,26763.268520397218,26872.89715333537,26559.223319711302,26620.035757271457,1176.5357938283403,2023-09-30 00:00:00,31319424.901420176,2547,679.2230806304918,18080942.693547767,0
2023-09-30 00:00:00,26119.724276681525,26256.822354609416,25585.20814419114,25888.289194350826,4756.851254531138,2023-10-01 00:00:00,123146740.93181263,6554,2837.5854956977964,73460233.9263199,0
2023-10-01 00:00:00,26420.250161469838,26720.413144289938,26343.39881490689,26478.324718019347,1335.209630412396,2023-10-02 00:00:00,35354114.16068602,5567,546.9491106800551,14482296.156818403,0
2023-10-02 00:00:00,26791.675571443204,27276.75802703971,26327.797114426132,27023.607709710053,3863.574936852615,2023-10-03 00:00:00,104407733.45057286,7880,1852.208407823129,50053353.40963889,0
2023-10-03 00:00:00,25616.856359711328,26139.411098986406,25471.276473281872,25817.031804377624,1411.2881686618089,2023-10-04 00:00:00,36435271.53548377,2515,596.0301853155883,15387730.250661632,0
2023-10-04 00:00:00,25493.86306966784,25865.985564521012,25001.292666620448,25351.712942882263,4366.784073120002,2023-10-05 00:00:00,110705456.30528848,8291,2462.514667353336,62428964.964378975,0
2023-10-05 00:00:00,24230.875726595477,24731.204706869525,23801.083886346947,24464.513897125016,1409.0087350902809,2023-10-06 00:00:00,34470713.780786715,5286,653.8047339261387,15995014.999142144,0
2023-10-06 00:00:00,23572.723484107108,23732.97110430239,23226.639486491204,23411.450832272265,3648.04303791576,2023-10-07 00:00:00,85405980.21617797,8949,1817.0162837183539,42538987.38771031,0
2023-10-07 00:00:00,22604.26312459365,22873.121359295037,22238.47245286967,22682.611395069183,1787.920293480585,2023-10-08 00:00:00,40554701.22237816,2100,1016.0107578694788,23045777.193963114,0
2023-10-08 00:00:00,22028.63089533482,22395.83362614757,21872.831036664873,22226.825205931287,2889.6095044129656,2023-10-09 00:00:00,64226845.36798472,9727,1704.7657685878414,37891530.75545706,0
2023-10-09 00:00:00,23208.17760269764,23490.29673206826,22779.808695474243,23308.981358353973,2396.9773781198655,2023-10-10 00:00:00,55871101.02299213,5553,1023.7831213943233,23863341.691577725,0
2023-10-10 00:00:00,23066.535782168427,23195.93661921337,22654.23515776816,23107.840159372285,4143.850938458158,2023-10-11 00:00:00,95755445.13015597,4704,2094.919130970048,48409056.425266966,0
2023-10-11 00:00:00,23502.78156028768,24046.38223786184,23240.318207792956,23649.044402168493,2290.4567646286605,2023-10-12 00:00:00,54167113.72795038,7190,1324.4033779575018,31320874.2916989,0
2023-10-12 00:00:00,23600.52133960558,23999.13665564451,23578.56240095845,23780.547107585448,3819.3177059832406,2023-10-13 00:00:00,90825464.62596963,2242,2212.17770307838,52606796.07840559,0
2023-10-13 00:00:00,24197.228575277004,24660.337377481454,23628.90766143276,24010.89864784445,3302.4680836789103,2023-10-14 00:00:00,79295226.4449554,9083,1863.6111525317317,44746978.502431996,0
2023-10-14 00:00:00,24781.64202518124,24868.517674859297,24666.65923427249,24812.354406087332,3578.642858329409,2023-10-15 00:00:00,88794554.89368267,6925,1800.413980836416,44672509.770187676,0
2023-10-15 00:00:00,24118.342178822833,24479.42524540695,23613.633804220528,24039.583161023955,2151.2637954187667,2023-10-16 00:00:00,51715484.91126946,5216,880.4114600930218,21164724.51082472,0
2023-10-16 00:00:00,23136.13932567945,23723.440722480264,22887.881913936457,23343.858410047676,2368.8086486621655,2023-10-17 00:00:00,55297133.694865964,5486,1224.3360283049099,28580726.89106994,0
2023-10-17 00:00:00,22750.100619660472,22996.06294662904,22158.904068717897,22593.98841726553,3843.051577081131,2023-10-18 00:00:00,86829862.81952511,8458,1699.6052566652615,38400861.483018525,0
2023-10-18 00:00:00,22517.06327241807,23054.001953067727,22087.210093985144,22696.85551462953,1238.6355982044179,2023-10-19 00:00:00,28113133.20772239,4640,500.83502940146525,11367380.298990289,0
2023-10-19 00:00:00,22318.266084808638,22635.98901894408,21949.949786656616,22290.71299502111,860.196435375406,2023-10-20 00:00:00,19174391.8602934,8928,451.61909607625057,10066911.653706565,0
2023-10-20 00:00:00,22645.420368103423,22900.14469730004,22210.292704859643,22616.12577945536,1110.4181265042066,2023-10-21 00:00:00,25113356.016806312,8118,460.87877363104235,10423292.31352079,0
2023-10-21 00:00:00,22310.74556786128,22484.88345108035,22096.150981762712,22204.97196364474,1035.5379631080357,2023-10-22 00:00:00,22994091.438103713,5734,594.7030593618321,13205364.759823235,0
2023-10-22 00:00:00,21241.18057887951,21361.11901550606,20842.405964480604,21143.503056042624,1705.7016775951279,2023-10-23 00:00:00,36064508.632929616,1545,981.8536559369206,20759825.774888903,0
2023-10-23 00:00:00,20802.670493142152,21351.332601138907,20495.264392963258,20940.317005564546,2845.5228075544596,2023-10-24 00:00:00,59586149.63675442,2714,1502.2907004991594,31458443.50296402,0
2023-10-24 00:00:00,20936.712098874534,21172.55986712186,20709.30348293885,21040.555886757735,4060.249860281935,2023-10-25 00:00:00,85429914.09946235,5379,1697.0873399234226,35707661.020367794,0
2023-10-25 00:00:00,21463.817065688992,21800.411890057967,21397.951435208266,21579.18758294188,4298.666044300608,2023-10-26 00:00:00,92761720.92638555,2066,2157.782876027411,46563201.44505532,0
2023-10-26 00:00:00,20903.449891097738,21190.468985168078,20658.247791285186,20975.30759498912,2762.2681890784834,2023-10-27 00:00:00,57939424.92577476,3490,1534.0481800524321,32177132.442133017,0
2023-10-27 00:00:00,20436.557405153035,20702.859893568737,20105.200254112893,20296.084976685044,3569.4285720664043,2023-10-28 00:00:00,72445425.6168673,8438,1993.1401120023759,40452941.08363977,0
2023-10-28 00:00:00,20180.46820476442,20261.349899127494,19984.22400208112,20255.981346273406,1018.818579077539,2023-10-29 00:00:00,20637170.133031406,5223,556.7918951348879,11278366.241608508,0
2023-10-29 00:00:00,19367.99106000161,19472.146992571787,19060.39280378696,19425.52254844379,3467.9695560626737,2023-10-30 00:00:00,67367120.80861208,2304,1873.6521690433733,36396672.45769267,0
2023-10-30 00:00:00,20147.877961941846,20634.525868817454,20146.68556393765,20259.890314690332,4468.499251153025,2023-10-31 00:00:00,90531304.69963618,1926,2125.583225212679,43064082.99755459,0
2023-10-31 00:00:00,19554.007409601716,19673.854728315786,19281.07000109243,19370.853229411627,701.6916771343803,2023-11-01 00:00:00,13592366.490069771,7396,312.038773909198,6044457.291280633,0
2023-11-01 00:00:00,20276.472463432805,20569.84856830241,20019.579634335638,20104.73683898823,3727.7477671283086,2023-11-02 00:00:00,74945387.86024062,4965,1556.8652479400773,31300366.103601415,0
2023-11-02 00:00:00,20641.946180730403,20739.819572199547,20347.37885047571,20704.33605787911,3120.3952282552445,2023-11-03 00:00:00,64605711.43919898,5580,1595.120210320705,33025904.887194682,0
2023-11-03 00:00:00,21807.52535211292,22136.344789389346,21664.894108476034,21691.608524679206,517.4057109764003,2023-11-04 00:00:00,11223362.13093339,4445,297.4877581369627,6452987.990391446,0
2023-11-04 00:00:00,20981.319261477,21323.33706145881,20696.57000049884,21049.91735184158,3086.619690202527,2023-11-05 00:00:00,64973089.37533006,2062,1250.8003733964426,26329244.483647708,0
2023-11-05 00:00:00,22135.226325960753,22215.136750608748,21617.280505111088,21983.38589241016,3294.1297871898087,2023-11-06 00:00:00,72416126.29147652,4834,1717.4150523175256,37754597.83252995,0
2023-11-06 00:00:00,21337.554212942487,21690.48414987209,20934.6423855919,21524.43582022748,2205.0104795205143,2023-11-07 00:00:00,47461606.54936834,1050,1187.972164553323,25570430.61214472,0
2023-11-07 00:00:00,20803.324084250402,21086.644972343238,20377.073619690982,20652.98673194933,1241.227544564372,2023-11-08 00:00:00,25635056.009218022,3465,583.9680262721354,12060683.89848105,0
2023-11-08 00:00:00,19872.96864263089,19877.395341351235,19676.342350292587,19827.809497244314,680.9072830462317,2023-11-09 00:00:00,13500899.893526895,6011,319.0806255312541,6326669.857295257,0
2023-11-09 00:00:00,19509.15832025266,19754.065128677095,19033.31686671886,19399.923607566394,2496.1950871128743,2023-11-10 00:00:00,48425993.9995723,7269,1224.3344304520347,23751994.420882784,0
2023-11-10 00:00:00,19055.04162299358,19210.90183606568,18859.15178553342,19083.602853827582,2529.439022694057,2023-11-11 00:00:00,48270809.752067156,6101,1022.0768061273948,19504907.854243733,0
2023-11-11 00:00:00,19526.987152473685,19705.246894268694,19391.327864600167,19691.10433392811,789.8724461858094,2023-11-12 00:00:00,15553460.748339789,5696,463.66295716800107,9130035.66537275,0
2023-11-12 00:00:00,19889.787843095048,20449.895077508147,19657.58880973185,20061.513882154188,1141.5263513988316,2023-11-13 00:00:00,22900746.74543248,6076,602.309213611145,12083234.650209356,0
2023-11-13 00:00:00,19392.02470507558,19756.592666388584,19088.369272840788,19462.914999610373,4454.748644397792,2023-11-14 00:00:00,86702394.21054377,9685,2318.0726401305888,45116450.75778405,0
2023-11-14 00:00:00,20395.63225865544,20451.627793218446,20215.176173963555,20375.606542398993,2505.772645729151,2023-11-15 00:00:00,51056637.514083326,2663,1344.7488680662648,27400073.834054627,0
2023-11-15 00:00:00,20577.591521902537,20867.97984242877,20493.55533027522,20706.937841907726,2293.121176132859,2023-11-16 00:00:00,47483517.65814545,1383,1129.3261419378493,23384886.224348508,0
2023-11-16 00:00:00,19918.558922059467,20324.181787196856,19542.95241920602,19991.898139944766,1920.8002591292775,2023-11-17 00:00:00,38400443.12769203,4626,1123.7946499895513,22466788.17280599,0
2023-11-17 00:00:00,19954.855187632977,20287.164089962014,19443.053270845598,19775.759002913524,4845.122824256323,2023-11-18 00:00:00,95815981.31200878,4913,2434.801281134328,48150043.355697565,0
2023-11-18 00:00:00,19871.546245934605,20169.448504874388,19579.623142368622,19691.71744607992,1916.5022506898617,2023-11-19 00:00:00,37739220.80536099,4072,1076.2413891582946,21193041.33908168,0
2023-11-19 00:00:00,18682.61456900509,18944.09218332418,18464.123370279463,18742.690610949114,2893.0822853744617,2023-11-20 00:00:00,54224146.18679113,2087,1400.9368958757752,26257326.804863088,0
2023-11-20 00:00:00,19073.582225627833,19363.758410881877,18728.014459324593,19011.583769735782,4764.40404777664,2023-11-21 00:00:00,90578866.66717383,4822,2387.1474792437416,45383454.272356,0
2023-11-21 00:00:00,19227.522201864,19461.51716294265,19192.604645273917,19323.486523167772,1241.3333153323638,2023-11-22 00:00:00,23986887.5895841,5933,619.4095594332161,11969152.274029039,0
2023-11-22 00:00:00,20080.204632036108,20298.063539074872,19989.662500734372,20170.1499294987,864.5276758429427,2023-11-23 00:00:00,17437652.839953206,1440,363.7725234074938,7337346.337361225,0
2023-11-23 00:00:00,20829.227858200993,21161.86946832301,20814.481284866866,20915.42038517894,1209.42567346754,2023-11-24 00:00:00,25295646.385201752,1333,567.312760271604,11865584.87095684,0
2023-11-24 00:00:00,22029.36845791112,22460.362989808607,21757.38354020743,21860.256291443115,1365.5876580727545,2023-11-25 00:00:00,29852096.193902,1811,716.9528736936278,15672773.567829348,0
2023-11-25 00:00:00,20997.583041990754,21317.16472620975,20711.770131511796,21107.44956502967,3082.9250146837717,2023-11-26 00:00:00,65072684.260206066,6225,1447.5901261613874,30554935.57878642,0
2023-11-26 00:00:00,20356.405095297185,20393.048144842272,19902.954907736526,20195.89548603472,4934.0206527008495,2023-11-27 00:00:00,99646965.42788316,1850,2607.7487545650783,52665821.30103353,0
2023-11-27 00:00:00,19766.426474912503,19968.691269037412,19742.794928391682,19782.619375643953,2658.6447850526156,2023-11-28 00:00:00,52594957.83773663,7528,1546.529165934029,30594397.843005,0
2023-11-28 00:00:00,19679.25588386834,19851.97222027745,19605.818475363663,19816.009923932725,618.858676378308,2023-11-29 00:00:00,12263309.672624422,8960,295.88731233206704,5863305.917538022,0
2023-11-29 00:00:00,20264.32367747188,20358.674914613697,19869.106999838583,20145.32127808067,3559.6383176933814,2023-11-30 00:00:00,71710057.54369976,7562,1713.0989954681334,34510929.64486281,0
2023-11-30 00:00:00,20421.761295908414,20580.669250008446,20332.78151104196,20454.092149020933,4854.43114130087,2023-12-01 00:00:00,99292981.89524485,6503,2864.161701591968,58583827.37405871,0
2023-12-01 00:00:00,20166.22263907831,20463.096795064197,20024.87862772847,20359.97569860588,2017.4813104121356,2023-12-02 00:00:00,41075870.452382624,3138,837.067265336509,17042669.1803498,0
2023-12-02 00:00:00,19508.196191767234,19869.091147403422,19334.978585849574,19561.530098872605,1699.8367802577964,2023-12-03 00:00:00,33251408.340183582,8609,805.610867221375,15758981.22712979,0
2023-12-03 00:00:00,19741.503096383516,19956.65772634256,19672.92836844818,19873.87431823196,923.8135875660864,2023-12-04 00:00:00,18359755.13276338,7037,386.86148179674757,7688436.467793542,0
2023-12-04 00:00:00,20053.51507005189,20288.31658271444,19623.072307496237,19935.612516558933,1488.0916374843973,2023-12-05 00:00:00,29666018.27402063,2731,709.2606783568767,14139546.05695443,0
2023-12-05 00:00:00,19825.861872694713,20087.62054176031,19469.92806275153,19949.465020907523,1303.2370644844032,2023-12-06 00:00:00,25998882.2318818,5351,754.0201996978487,15042299.598929938,0
2023-12-06 00:00:00,20576.53290226726,20714.930013883695,20264.08135402613,20668.705899305813,3202.604182516118,2023-12-07 00:00:00,66193683.96031235,7445,1803.0347452453755,37266394.87570644,0
2023-12-07 00:00:00,20066.536020848824,20302.613526509285,19860.666872108093,20113.595288328564,3783.572024826093,2023-12-08 00:00:00,76101236.45159388,8672,1674.1366151498733,33672906.33449682,0
2023-12-08 00:00:00,20693.096924837373,20724.03944390829,20646.20094519043,20703.69726766246,4837.524973152975,2023-12-09 00:00:00,100154652.56891616,1514,2631.7990651825207,54487971.114855975,0
2023-12-09 00:00:00,21093.45302833169,21443.29095184178,20617.27866716611,21012.220311991998,3778.695416832025,2023-12-10 00:00:00,79398780.59038894,2252,2102.6031759828265,44180361.16244523,0
2023-12-10 00:00:00,20438.429678273933,20481.02308230565,20038.26891771176,20253.387043506147,2328.535308628071,2023-12-11 00:00:00,47160726.85011436,3926,1152.943350034227,23351007.907479785,0
2023-12-11 00:00:00,20725.366220652566,21033.790039094103,20507.669024880477,20648.633712433002,2334.419834884896,2023-12-12 00:00:00,48202580.101576544,8054,1393.36681455416,28771120.980788413,0
2023-12-12 00:00:00,21011.783974224538,21266.264265448346,20804.537696526168,20887.468715823823,4332.5766582523065,2023-12-13 00:00:00,90496559.40815358,4262,2048.836010914155,42794998.081822686,0
2023-12-13 00:00:00,21211.001253623283,21450.16845634949,21033.766801100428,21179.218751554126,617.3894812106007,2023-12-14 00:00:00,13075826.877467828,2612,261.94953871078843,5547886.582224484,0
2023-12-14 00:00:00,20727.132410301114,21092.222687315,20411.200597089108,20749.344244455388,2484.562700905497,2023-12-15 00:00:00,51553046.778022006,1659,1342.733218201828,27860833.772935163,0
2023-12-15 00:00:00,19820.294093658616,20174.64039327492,19551.279530955486,19784.198929554834,3287.1083255735543,2023-12-16 00:00:00,65032805.0161431,1659,1759.4293719180212,34808900.696527846,0
2023-12-16 00:00:00,20374.09474724627,20596.394318705614,20312.698269000342,20521.74353830261,2667.440743450026,2023-12-17 00:00:00,54740534.84070068,8219,1085.358107077026,22273440.720652312,0
2023-12-17 00:00:00,20974.130897093404,21243.980712608656,20715.944090955385,20792.947756364898,4898.5049940838035,2023-12-18 00:00:00,101854358.42627707,7890,2882.4814566254586,59935286.33630375,0
2023-12-18 00:00:00,21738.56976097408,21773.85029992751,21184.33144734804,21537.97477883996,4732.798656152789,2023-12-19 00:00:00,101934898.08954643,5906,2040.9822069530119,43958623.29741509,0
2023-12-19 00:00:00,20711.375533966966,21203.654499147135,20551.98818296863,20804.542639074716,3107.6971019843763,2023-12-20 00:00:00,64654216.86756288,8935,1565.9220404011648,32578291.858992916,0
2023-12-20 00:00:00,20924.516457625574,21239.071614733606,20686.619595669923,20732.98292053816,3705.4347563426445,2023-12-21 00:00:00,76824715.51642053,9455,1909.0194819988383,39579668.31525652,0
2023-12-21 00:00:00,21232.796597585682,21620.031332243267,20843.48585735845,21024.343734584465,4961.926601141138,2023-12-22 00:00:00,104321250.44816968,9238,2703.555136247783,56840472.48987473,0
2023-12-22 00:00:00,21937.06545126686,22053.204930032047,21858.486401528735,22034.595736473402,971.9478250802985,2023-12-23 00:00:00,21416477.40258894,2983,439.5701876518901,9685751.38271515,0
2023-12-23 00:00:00,21625.202486578874,21671.9341692015,21454.03858132602,21571.136583585023,3894.5200590492436,2023-12-24 00:00:00,84009224.12126285,2349,1947.8762642939805,42017904.945008814,0
2023-12-24 00:00:00,20981.439097581162,21021.99739568674,20619.51622958636,20909.223902075413,2642.352834995992,2023-12-25 00:00:00,55249547.05521493,2904,1375.5555174450005,28761798.30399272,0
2023-12-25 00:00:00,20628.894200252445,20884.215342596974,20236.08127126269,20789.783428795738,788.4336101576424,2023-12-26 00:00:00,16391364.003160954,9344,437.58225175573665,9097240.246286537,0
2023-12-26 00:00:00,21610.802316113353,21894.621283290544,21543.395306615555,21655.223132586358,931.124889770006,2023-12-27 00:00:00,20163717.252274357,7882,479.36954623165553,10380854.486613173,0
2023-12-27 00:00:00,22479.499877077065,22602.50832097571,22251.993798636657,22482.782343478764,4816.017874906862,2023-12-28 00:00:00,108277481.64383411,2365,2447.710163321618,55031334.8418808,0
2023-12-28 00:00:00,23000.164992020833,23506.184735182855,22636.11391676331,23222.02006307856,2274.293033404998,2023-12-29 00:00:00,52813678.451050654,7115,1347.7451886850413,31297365.811561625,0
2023-12-29 00:00:00,22682.45764863911,22812.55068659763,22387.83757933316,22610.520124412426,2001.8351923853963,2023-12-30 00:00:00,45262534.90318702,5399,972.4867889820716,21988432.11300435,0
2023-12-30 00:00:00,21872.238797636008,22194.99916271379,21703.455810352767,22049.003977953416,4517.75586161102,2023-12-31 00:00:00,99612016.96408375,7928,2598.3224949705364,57290423.0276112,0
2023-12-31 00:00:00,21728.5643856279,21895.133332117006,21518.71421962712,21657.010350266228,3796.1200063408396,2024-01-01 00:00:00,82212610.26817626,3970,1572.6603781271224,34059122.08655269,0
